Data do Crime;RA;# Casos;Meio Utilizado;Local;Motivação;Idade - Vítima;Idade - Autor
07/10/2025;PLANALTINA;1;Asfixia;Interior de Residência;Outro;22;42
20/09/2025;NÚCLEO BANDEIRANTE;1;Não Informado;Lote vago, terreno abandonado;Não Informado;41;0
18/09/2025;SÃO SEBASTIÃO;1;Agressão Física;Interior de Residência;Ciúme;51;33
09/09/2025;NÚCLEO BANDEIRANTE;1;Não Informado;Interior de Residência;Não Informado;36;0
29/08/2025;POR DO SOL/SOL NASCENTE;1;Outro;Interior de Residência;Outro;56;22
23/08/2025;BRAZLÂNDIA;1;Arma Branca;Interior de Residência;Outro;21;42
13/08/2025;ITAPOÃ;1;Arma Branca;Ruas, praças, estacionamentos;Não Informado;28;32
29/07/2025;SAMAMBAIA;1;Arma Branca;Ruas, praças, estacionamentos;Término Relacionamento;43;35
09/07/2025;TAGUATINGA;1;Não Informado;Lote vago, terreno abandonado;Não Informado;52;0
07/07/2025;PARANOÁ;1;Não Informado;Lote vago, terreno abandonado;Não Informado;41;61
10/06/2025;RECANTO DAS EMAS;1;Agressão Física;Interior de Residência;Não Informado;46;24
07/06/2025;SCIA E ESTRUTURAL;1;Arma de Fogo;Interior de Residência;Ciúme;51;47
19/05/2025;CEILÂNDIA;1;Arma Branca;Interior de Residência;Término Relacionamento;33;34
18/05/2025;SAMAMBAIA;1;Arma Branca;Interior de Residência;Ciúme;32;42
19/04/2025;POR DO SOL/SOL NASCENTE;1;Arma Branca;Interior de Residência;Não Informado;46;53
09/04/2025;PARK WAY;1;Agressão Física;Lote vago, terreno abandonado;Não Informado;29;0
04/04/2025;PARANOÁ;1;Asfixia;Lote vago, terreno abandonado;Ciúme;31;31
31/03/2025;RECANTO DAS EMAS;1;Arma Branca;Interior de Residência;Ciúme;31;41
29/03/2025;FERCAL;1;Asfixia;Interior de Residência;Ciúme;34;39
26/02/2025;CRUZEIRO;1;Arma Branca;Ruas, praças, estacionamentos;Não Informado;49;43
22/02/2025;PLANALTINA;1;Arma de Fogo;Outros;Ciúme;17;20, 22, 24
15/01/2025;PLANALTINA;1;Agressão Física;Ruas, praças, estacionamentos;Término Relacionamento;35;41
05/01/2025;SCIA E ESTRUTURAL;1;Arma Branca;Interior de Residência;Ciúme;27;41
16/12/2024;SIA (SETOR DE INDUSTRIA E ABASTECIMENTO);1;Asfixia;Interior de Residência;Ciúme;37;37
08/12/2024;SAMAMBAIA;1;Asfixia;Interior de Residência;Ciúme;29;33
22/11/2024;CEILÂNDIA;1;Asfixia;Ruas, praças, estacionamentos;Ódio;27;35
14/11/2024;SAMAMBAIA;1;Arma Branca;Interior de Residência;Ciúme;21;43
11/11/2024;VICENTE PIRES;1;Arma Branca;Interior de Residência;Término Relacionamento;30;29
27/10/2024;POR DO SOL/SOL NASCENTE;1;Arma Branca;Lote vago, terreno abandonado;Ciúme;35;40
18/10/2024;TAGUATINGA;1;Arma de Fogo;Interior de Residência;Ciúme;31;28
30/09/2024;VICENTE PIRES;1;Arma de Fogo;Interior de Residência;Ciúme;26;32
28/08/2024;CEILÂNDIA;1;Fogo;Ruas, praças, estacionamentos;Não Informado;21;0
25/08/2024;PARANOÁ;1;Arma Branca;Interior de Residência;Ciúme;23;26
20/08/2024;GAMA;1;Outro;Ruas, praças, estacionamentos;Término Relacionamento;34;29
06/08/2024;GAMA;1;Arma Branca;Interior de Residência;Ciúme;46;45
17/07/2024;SÃO SEBASTIÃO;1;Arma de Fogo;Ruas, praças, estacionamentos;Ciúme;33;41
15/06/2024;SCIA E ESTRUTURAL;1;Arma Branca;Interior de Residência;Outro;42;36
31/05/2024;ÁGUAS CLARAS;1;Asfixia;Interior de Residência;Outro;94;64
25/05/2024;JARDIM BOTANICO;1;Arma Branca;Interior de Residência;Término Relacionamento;46;37
13/05/2024;ITAPOÃ;1;Arma Branca;Interior de Residência;Ciúme;41;33
05/02/2024;PARANOÁ;1;Arma de Fogo;Ruas, praças, estacionamentos;Ciúme;27;29
20/01/2024;SANTA MARIA;1;Não Informado;Lote vago, terreno abandonado;Não Informado;27;43
17/01/2024;RECANTO DAS EMAS;1;Arma Branca;Interior de Residência;Ciúme;39;46
15/01/2024;CEILÂNDIA;1;Agressão Física;Interior de Residência;Ciúme;37;42
10/01/2024;GAMA;1;Arma de Fogo;Ruas, praças, estacionamentos;Término Relacionamento;26;29
31/12/2023;PLANALTINA;1;Arma Branca;Ruas, praças, estacionamentos;Término Relacionamento;29;41
25/12/2023;CEILÂNDIA;1;Arma Branca;Interior de Residência;Ciúme;44;41
18/11/2023;PLANALTINA;1;Arma Branca;Interior de Residência;Ódio;20;25
15/11/2023;PLANALTINA;1;Arma de Fogo;Interior de Residência;Ódio;20;33
11/10/2023;GAMA;1;Arma Branca;Interior de Residência;Não Informado;35;33
01/09/2023;RECANTO DAS EMAS;1;Arma Branca;Interior de Residência;Não Informado;27;17
24/08/2023;SCIA E ESTRUTURAL;1;Arma Branca;Interior de Residência;Ciúme;50;34
16/08/2023;CEILÂNDIA;1;Arma Branca;Ruas, praças, estacionamentos;Ciúme;39;37
11/08/2023;ARNIQUEIRAS;1;Arma Branca;Interior de Residência;Término Relacionamento;45;46
03/08/2023;SÃO SEBASTIÃO;1;Arma Branca;Ruas, praças, estacionamentos;Término Relacionamento;34;37
30/06/2023;GAMA;1;Arma de Fogo;Interior de Residência;Ciúme;41;39
25/06/2023;SÃO SEBASTIÃO;1;Asfixia;Interior de Residência;Ciúme;47;27
24/06/2023;POR DO SOL/SOL NASCENTE;1;Arma Branca;Ruas, praças, estacionamentos;Ciúme;20;29
20/06/2023;VICENTE PIRES;1;Arma Branca;Interior de Residência;Término Relacionamento;36;41
02/06/2023;SANTA MARIA;1;Arma Branca;Interior de Residência;Ódio;29;27
28/05/2023;PLANO PILOTO;1;Asfixia;Interior de Residência;Não Informado;26;49
09/05/2023;SAMAMBAIA;1;Arma Branca;Interior de Residência;Término Relacionamento;33;37
22/04/2023;TAGUATINGA;1;Arma Branca;Bares, casas de festa ou comércios de bebidas e outros;Término Relacionamento;47;44
18/04/2023;PLANALTINA;1;Arma Branca;Ruas, praças, estacionamentos;Ódio;21;42
11/04/2023;PLANALTINA;1;Arma de Fogo;Ruas, praças, estacionamentos;Término Relacionamento;32;26
22/03/2023;SAMAMBAIA;1;Asfixia;Interior de Residência;Ciúme;35;43
02/03/2023;RIACHO FUNDO II;1;Asfixia;Interior de Residência;Término Relacionamento;18;21
02/03/2023;TAGUATINGA;1;Agressão Física;Interior de Residência;Ciúme;25;28
13/02/2023;GAMA;1;Arma Branca;Ruas, praças, estacionamentos;Término Relacionamento;40;45
04/02/2023;CEILÂNDIA;1;Arma de Fogo;Interior de Residência;Ciúme;37;38
18/01/2023;CEILÂNDIA;1;Arma de Fogo;Interior de Residência;Ciúme;20;38
17/01/2023;PARK WAY;1;Arma de Fogo;Interior de Residência;Término Relacionamento;42;54
03/01/2023;SOBRADINHO II;1;Fogo;Interior de Residência;Não Informado;46;55
02/01/2023;CEILÂNDIA;1;Asfixia;Interior de Residência;Ciúme;26;51
01/01/2023;CEILÂNDIA;1;Asfixia;Interior de Residência;Ciúme;27;32
12/12/2022;RIACHO FUNDO II;1;Arma Branca;Interior de Residência;Ciúme;49;47
02/10/2022;CEILÂNDIA;1;Arma Branca;Ruas, praças, estacionamentos;Ciúme;31;29
17/09/2022;ITAPOÃ;1;Agressão Física;Interior de Residência;Ciúme;40;46
10/09/2022;TAGUATINGA;1;Asfixia;Outros;Ciúme;14;21
10/08/2022;POR DO SOL/SOL NASCENTE;1;Agressão Física;Interior de Residência;Término Relacionamento;35;38
07/08/2022;RECANTO DAS EMAS;1;Arma de Fogo;Interior de Residência;Ciúme;29;26
03/08/2022;CEILÂNDIA;1;Agressão Física;Interior de Residência;Ciúme;31;34
31/07/2022;ITAPOÃ;1;Arma Branca;Interior de Residência;Ciúme;43;23
29/06/2022;TAGUATINGA;1;Arma Branca;Interior de Residência;Ciúme;33;24
02/06/2022;RECANTO DAS EMAS;1;Asfixia;Lote vago, terreno abandonado;Ódio;19;40
18/05/2022;TAGUATINGA;1;Arma Branca;Ruas, praças, estacionamentos;Ciúme;29;34
07/05/2022;SAMAMBAIA;1;Arma Branca;Interior de Residência;Ciúme;26;28
30/03/2022;SOBRADINHO;1;Arma Branca;Interior de Residência;Término Relacionamento;33;45
20/03/2022;PLANALTINA;1;Asfixia;Interior de Residência;Ciúme;41;44
01/02/2022;PLANO PILOTO;1;Arma Branca;Ruas, praças, estacionamentos;Ciúme;51;26
25/01/2022;BRAZLÂNDIA;1;Agressão Física;Interior de Residência;Término Relacionamento;23;46
22/01/2022;SANTA MARIA;1;Arma Branca;Lote vago, terreno abandonado;Ódio;35;34
06/12/2021;SAMAMBAIA;1;Arma Branca;Ruas, praças, estacionamentos;Ciúme;34;36
29/11/2021;CEILÂNDIA;1;Arma Branca;Interior de Residência;Ciúme;20;22
31/10/2021;TAGUATINGA;1;Arma de Fogo;Hotel, motel ou pousada;Ciúme;25;21, 25, 27
17/10/2021;POR DO SOL/SOL NASCENTE;1;Arma de Fogo;Interior de Residência;Término Relacionamento;47;55
14/10/2021;GAMA;1;Arma de Fogo;Ruas, praças, estacionamentos;Término Relacionamento;33;42
03/10/2021;SANTA MARIA;1;Arma Branca;Interior de Residência;Outro;50;37
03/07/2021;SCIA E ESTRUTURAL;1;Arma de Fogo;Interior de Residência;Ciúme;40;33
20/06/2021;SOBRADINHO;1;Arma de Fogo;Interior de Residência;Término Relacionamento;27;36
17/06/2021;SOBRADINHO;1;Asfixia;Interior de Residência;Ciúme;41;41
08/06/2021;SOBRADINHO II;1;Arma Branca;Interior de Residência;Ciúme;33;28
06/06/2021;PLANALTINA;1;Arma Branca;Interior de Residência;Ciúme;37;30
23/05/2021;PARANOÁ;1;Arma Branca;Outros;Não Informado;48;46
09/05/2021;ITAPOÃ;1;Asfixia;Interior de Residência;Ciúme;22;23
02/05/2021;SÃO SEBASTIÃO;1;Arma Branca;Interior de Residência;Término Relacionamento;33;35
25/04/2021;SANTA MARIA;1;Arma Branca;Ruas, praças, estacionamentos;Ciúme;38;47
16/04/2021;PARANOÁ;1;Arma de Fogo;Ruas, praças, estacionamentos;Ciúme;35;32
12/04/2021;PARANOÁ;1;Agressão Física;Interior de Residência;Ciúme;41;43
11/04/2021;CEILÂNDIA;1;Arma Branca;Interior de Residência;Ciúme;40;39
26/03/2021;SAMAMBAIA;1;Asfixia;Interior de Residência;Ciúme;38;31
13/02/2021;TAGUATINGA;1;Arma Branca;Ruas, praças, estacionamentos;Ciúme;36;40
30/01/2021;SAMAMBAIA;1;Arma Branca;Interior de Residência;Ciúme;51;21
12/01/2021;SOBRADINHO;1;Arma de Fogo;Interior de Residência;Término Relacionamento;54;44
08/01/2021;CEILÂNDIA;1;Arma Branca;Interior de Residência;Ciúme;37;36
11/12/2020;POR DO SOL/SOL NASCENTE;1;Arma Branca;Interior de Residência;Outro;34;35
10/12/2020;PLANALTINA;1;Asfixia;Interior de Residência;Término Relacionamento;36, 65;42
10/10/2020;LAGO SUL;1;Asfixia;Interior de Residência;Outro;37;40
14/09/2020;CEILÂNDIA;1;Arma Branca;Outros;Término Relacionamento;39;35
20/08/2020;POR DO SOL/SOL NASCENTE;1;Arma Branca;Interior de Residência;Ciúme;35;34
30/07/2020;ÁGUAS CLARAS;1;Arma Branca;Interior de Residência;Não Informado;34;41
25/07/2020;SANTA MARIA;1;Arma Branca;Interior de Residência;Ciúme;25;23
04/07/2020;TAGUATINGA;1;Agressão Física;Interior de Residência;Ciúme;42;40
22/06/2020;RECANTO DAS EMAS;1;Arma de Fogo;Ruas, praças, estacionamentos;Ciúme;53;28
06/06/2020;CEILÂNDIA;1;Arma de Fogo;Interior de Residência;Ciúme;46;42
14/04/2020;ITAPOÃ;1;Arma Branca;Interior de Residência;Término Relacionamento;22;25
03/03/2020;RECANTO DAS EMAS;1;Arma Branca;Ruas, praças, estacionamentos;Ciúme;33;33
13/02/2020;VICENTE PIRES;1;Arma Branca;Interior de Residência;Outro;2;21
20/01/2020;NÚCLEO BANDEIRANTE;1;Arma Branca;Interior de Residência;Término Relacionamento;31;48
14/01/2020;SAMAMBAIA;1;Arma Branca;Interior de Residência;Ciúme;42;40
14/01/2020;SAMAMBAIA;1;Arma de Fogo;Interior de Residência;Término Relacionamento;18;31
06/01/2020;CANDANGOLÂNDIA;1;Agressão Física;Outros;Outro;23;20
23/12/2019;SUDOESTE;1;Arma Branca;Interior de Residência;Término Relacionamento;49;44
17/12/2019;PLANALTINA;1;Arma Branca;Lote vago, terreno abandonado;Não Informado;20;0
23/11/2019;VICENTE PIRES;1;Asfixia;Ruas, praças, estacionamentos;Ódio;39;32
15/11/2019;CEILÂNDIA;1;Asfixia;Interior de Residência;Ciúme;45;30
14/11/2019;SANTA MARIA;1;Arma Branca;Ruas, praças, estacionamentos;Ciúme;37;34
01/11/2019;SÃO SEBASTIÃO;1;Asfixia;Interior de Residência;Ciúme;26;43
18/10/2019;VICENTE PIRES;1;Arma de Fogo;Lote vago, terreno abandonado;Ciúme;38;43
29/09/2019;RIACHO FUNDO;1;Arma Branca;Interior de Residência;Ciúme;29;37
26/09/2019;FERCAL;1;Arma Branca;Interior de Residência;Ciúme;42;37
23/09/2019;SANTA MARIA;1;Fogo;Interior de Residência;Ciúme;35;34
12/09/2019;PARANOÁ;1;Arma Branca;Ruas, praças, estacionamentos;Ciúme;25;36
01/09/2019;PLANO PILOTO;1;Agressão Física;Ruas, praças, estacionamentos;Ódio;50;23
29/08/2019;SAMAMBAIA;1;Arma Branca;Ruas, praças, estacionamentos;Ciúme;41;45
23/08/2019;PLANALTINA;1;Asfixia;Ruas, praças, estacionamentos;Ódio;26;40
20/08/2019;TAGUATINGA;1;Arma Branca;Interior de Residência;Outro;67;37
08/08/2019;PARANOÁ;1;Asfixia;Interior de Residência;Ódio;68;38
12/06/2019;CRUZEIRO;1;Arma de Fogo;Interior de Residência;Ciúme;57;56
12/06/2019;PLANALTINA;1;Asfixia;Ruas, praças, estacionamentos;Ódio;47;40
20/05/2019;PLANO PILOTO;1;Arma de Fogo;Ruas, praças, estacionamentos;Término Relacionamento;43;51
09/05/2019;TAGUATINGA;1;Arma Branca;Interior de Residência;Ciúme;29;36
06/05/2019;SANTA MARIA;1;Arma Branca;Interior de Residência;Ciúme;39;41
25/04/2019;SOBRADINHO;1;Outro;Interior de Residência;Término Relacionamento;47;55
21/04/2019;GAMA;1;Arma Branca;Interior de Residência;Ciúme;49;47
14/04/2019;SOBRADINHO II;1;Arma Branca;Interior de Residência;Ciúme;28;20
31/03/2019;PARANOÁ;1;Arma de Fogo;Interior de Residência;Término Relacionamento;25;22
19/03/2019;ITAPOÃ;1;Arma Branca;Interior de Residência;Ciúme;52;40
11/03/2019;SOBRADINHO;1;Arma Branca;Interior de Residência;Ciúme;45;35
30/01/2019;PLANO PILOTO;1;Arma Branca;Interior de Residência;Término Relacionamento;55;80
28/01/2019;PLANO PILOTO;1;Arma de Fogo;Interior de Residência;Ciúme;69;72
25/12/2018;SCIA E ESTRUTURAL;1;Arma Branca;Ruas, praças, estacionamentos;Término Relacionamento;22;21
10/12/2018;CEILÂNDIA;1;Arma Branca;Interior de Residência;Ciúme;26;23
05/11/2018;RECANTO DAS EMAS;1;Arma Branca;Interior de Residência;Ciúme;49;33
22/10/2018;SOBRADINHO II;1;Arma Branca;Interior de Residência;Ciúme;45;41
13/10/2018;RECANTO DAS EMAS;1;Arma Branca;Interior de Residência;Ciúme;45;61
10/10/2018;ITAPOÃ;1;Arma Branca;Interior de Residência;Término Relacionamento;44;60
03/09/2018;SANTA MARIA;1;Arma Branca;Interior de Residência;Ciúme;26;40
26/08/2018;ITAPOÃ;1;Arma Branca;Interior de Residência;Término Relacionamento;44;34
07/08/2018;RIACHO FUNDO II;1;Arma de Fogo;Ruas, praças, estacionamentos;Término Relacionamento;44;51
06/08/2018;PLANO PILOTO;1;Agressão Física;Interior de Residência;Ciúme;37;44
05/08/2018;RECANTO DAS EMAS;1;Arma de Fogo;Interior de Residência;Término Relacionamento;58;61
14/07/2018;SANTA MARIA;1;Arma Branca;Ruas, praças, estacionamentos;Ciúme;30;21
06/06/2018;SAMAMBAIA;1;Arma Branca;Interior de Residência;Término Relacionamento;23;24
04/05/2018;CEILÂNDIA;1;Arma de Fogo;Interior de Residência;Ciúme;25;27
05/04/2018;PLANALTINA;1;Arma de Fogo;Outros;Ciúme;50;56
03/04/2018;CEILÂNDIA;1;Arma Branca;Interior de Residência;Ciúme;45;41
18/03/2018;CEILÂNDIA;1;Fogo;Interior de Residência;Ciúme;42;42
16/03/2018;CEILÂNDIA;1;Arma de Fogo;Interior de Residência;Ciúme;32;38
06/03/2018;PLANO PILOTO;1;Arma de Fogo;Interior de Residência;Ciúme;40;39
04/03/2018;GUARÁ;1;Agressão Física;Ruas, praças, estacionamentos;Ciúme;36;36
22/02/2018;RIACHO FUNDO II;1;Arma Branca;Interior de Residência;Ciúme;60;33
03/02/2018;SOBRADINHO II;1;Arma Branca;Interior de Residência;Ciúme;43;47
19/01/2018;SANTA MARIA;1;Agressão Física;Interior de Residência;Ciúme;52;47
09/01/2018;GAMA;1;Arma de Fogo;Interior de Residência;Ciúme;18;27
09/01/2018;SÃO SEBASTIÃO;1;Arma de Fogo;Interior de Residência;Ciúme;28;37
19/11/2017;SANTA MARIA;1;Arma Branca;Interior de Residência;Ciúme;35;34
21/10/2017;SAMAMBAIA;1;Arma Branca;Interior de Residência;Ciúme;51;52
15/10/2017;SANTA MARIA;1;Arma de Fogo;Interior de Residência;Ciúme;59;54
08/10/2017;SAMAMBAIA;1;Arma de Fogo;Interior de Residência;Ciúme;27;38
11/09/2017;CANDANGOLÂNDIA;1;Asfixia;Interior de Residência;Término Relacionamento;58;58
03/08/2017;CEILÂNDIA;1;Arma Branca;Interior de Residência;Ciúme;23;27
09/07/2017;SÃO SEBASTIÃO;1;Arma de Fogo;Interior de Residência;Ciúme;20;52
10/04/2017;SCIA E ESTRUTURAL;1;Arma Branca;Interior de Residência;Ciúme;33;39
16/03/2017;VICENTE PIRES;1;Arma de Fogo;Interior de Residência;Término Relacionamento;29;39
12/02/2017;SAMAMBAIA;1;Arma Branca;Interior de Residência;Ciúme;57;64
15/01/2017;SÃO SEBASTIÃO;1;Arma Branca;Interior de Residência;Ciúme;29;28
03/01/2017;RIACHO FUNDO;1;Arma Branca;Interior de Residência;Ciúme;41;53
10/12/2016;GAMA;1;Asfixia;Interior de Residência;Término Relacionamento;31;41
04/12/2016;BRAZLÂNDIA;1;Asfixia;Interior de Residência;Término Relacionamento;21;41
29/11/2016;SCIA E ESTRUTURAL;1;Arma Branca;Interior de Residência;Ciúme;48;33
28/11/2016;POR DO SOL/SOL NASCENTE;1;Fogo;Interior de Residência;Ciúme;37;30
12/11/2016;SAMAMBAIA;1;Arma Branca;Interior de Residência;Término Relacionamento;38;36
09/11/2016;GUARÁ;1;Arma Branca;Interior de Residência;Ciúme;33;22
11/10/2016;SANTA MARIA;1;Agressão Física;Ruas, praças, estacionamentos;Ciúme;34;46
20/09/2016;CEILÂNDIA;1;Arma Branca;Interior de Residência;Ciúme;42;57
19/08/2016;GAMA;1;Agressão Física;Interior de Residência;Ciúme;43;25
18/07/2016;PLANALTINA;1;Asfixia;Interior de Residência;Ciúme;37;48
23/06/2016;RIACHO FUNDO II;1;Arma Branca;Interior de Residência;Ciúme;36;37
05/06/2016;CEILÂNDIA;1;Arma de Fogo;Interior de Residência;Ciúme;26;44
28/05/2016;FERCAL;1;Arma Branca;Bares, casas de festa ou comércios de bebidas e outros;Ciúme;30;34
20/04/2016;ITAPOÃ;1;Arma de Fogo;Interior de Residência;Término Relacionamento;27;42
12/04/2016;SAMAMBAIA;1;Arma Branca;Interior de Residência;Outro;61;56
08/04/2016;SOBRADINHO;1;Arma Branca;Interior de Residência;Ciúme;47;43
03/04/2016;SANTA MARIA;1;Arma Branca;Interior de Residência;Término Relacionamento;24;40
12/03/2016;SAMAMBAIA;1;Arma de Fogo;Interior de Residência;Término Relacionamento;20;23
10/03/2016;PLANO PILOTO;1;Asfixia;Ruas, praças, estacionamentos;Término Relacionamento;20;19
07/03/2016;JARDIM BOTANICO;1;Agressão Física;Interior de Residência;Ciúme;44;22
04/01/2016;CEILÂNDIA;1;Arma Branca;Interior de Residência;Ciúme;34;35
13/12/2015;SAMAMBAIA;1;Arma Branca;Interior de Residência;Ciúme;20;24
04/10/2015;SOBRADINHO II;1;Arma Branca;Bares, casas de festa ou comércios de bebidas e outros;Ciúme;56;44
13/09/2015;GUARÁ;1;Arma Branca;Interior de Residência;Término Relacionamento;30;20
26/08/2015;GAMA;1;Arma de Fogo;Interior de Residência;Ciúme;20, 42;26
03/08/2015;SCIA E ESTRUTURAL;1;Arma Branca;Interior de Residência;Ciúme;24;25
19/07/2015;RIACHO FUNDO II;1;Arma de Fogo;Ruas, praças, estacionamentos;Ciúme;43;44
05/07/2015;PLANALTINA;1;Arma Branca;Ruas, praças, estacionamentos;Ciúme;27;30
29/06/2015;CEILÂNDIA;1;Asfixia;Ruas, praças, estacionamentos;Ciúme;25;30
18/05/2015;BRAZLÂNDIA;1;Arma Branca;Interior de Residência;Ciúme;52;54
15/04/2015;CEILÂNDIA;1;Arma de Fogo;Interior de Residência;Ciúme;49;51
15/03/2015;CEILÂNDIA;1;Arma Branca;Ruas, praças, estacionamentos;Ciúme;35;43
